Workbook

Sheet Dataset
A1: Provinsi | B1: Kode Kab/Kota | C1: Kabupaten/Kota | D1: Puskesmas Non Rawat Inap | E1: Puskesmas Rawat Inap | F1: Jumlah Puskesmas
A2: Aceh | B2: 1101 | C2: ACEH SELATAN | D2: 6 | E2: 18 | F2: =D2+E2 -> 24
A3: Aceh | B3: 1102 | C3: ACEH TENGGARA | D3: 9 | E3: 10 | F3: =D3+E3 -> 19
A4: Aceh | B4: 1103 | C4: ACEH TIMUR | D4: 20 | E4: 7 | F4: =D4+E4 -> 27
A5: Aceh | B5: 1104 | C5: ACEH TENGAH | D5: 10 | E5: 7 | F5: =D5+E5 -> 17
A6: Aceh | B6: 1105 | C6: ACEH BARAT | D6: 6 | E6: 7 | F6: =D6+E6 -> 13
A7: Aceh | B7: 1106 | C7: ACEH BESAR | D7: 4 | E7: 24 | F7: =D7+E7 -> 28
A8: Aceh | B8: 1107 | C8: PIDIE | D8: 18 | E8: 8 | F8: =D8+E8 -> 26
A9: Aceh | B9: 1108 | C9: ACEH UTARA | D9: 19 | E9: 13 | F9: =D9+E9 -> 32
A10: Aceh | B10: 1109 | C10: SIMEULUE | D10: 1 | E10: 14 | F10: =D10+E10 -> 15
A11: Aceh | B11: 1110 | C11: ACEH SINGKIL | D11: 7 | E11: 5 | F11: =D11+E11 -> 12
A12: Aceh | B12: 1111 | C12: BIREUEN | D12: 4 | E12: 16 | F12: =D12+E12 -> 20
A13: Aceh | B13: 1112 | C13: ACEH BARAT DAYA | D13: 9 | E13: 4 | F13: =D13+E13 -> 13
... A155: Kepulauan Riau | B155: 2172 | C155: KOTA TANJUNG PINANG | D155: 5 | E155: 2 | F155: =D155+E155 -> 7

Sheet Verifikasi
A1: Provinsi | B1: Jumlah Kab/Kota | C1: Total Hitung (Dataset) | D1: Total Resmi (KMK) | E1: Selisih
A2: Aceh | B2: =COUNTIF(Dataset!$A$2:$A$155,A2) -> 23 | C2: =SUMIFS(Dataset!$F$2:$F$155,Dataset!$A$2:$A$155,A2) -> 362 | D2: 362 | E2: =C2-D2 -> 0
A3: Sumatera Utara | B3: =COUNTIF(Dataset!$A$2:$A$155,A3) -> 33 | C3: =SUMIFS(Dataset!$F$2:$F$155,Dataset!$A$2:$A$155,A3) -> 615 | D3: 615 | E3: =C3-D3 -> 0
A4: Sumatera Barat | B4: =COUNTIF(Dataset!$A$2:$A$155,A4) -> 19 | C4: =SUMIFS(Dataset!$F$2:$F$155,Dataset!$A$2:$A$155,A4) -> 280 | D4: 280 | E4: =C4-D4 -> 0
A5: Riau | B5: =COUNTIF(Dataset!$A$2:$A$155,A5) -> 12 | C5: =SUMIFS(Dataset!$F$2:$F$155,Dataset!$A$2:$A$155,A5) -> 238 | D5: 238 | E5: =C5-D5 -> 0
A6: Jambi | B6: =COUNTIF(Dataset!$A$2:$A$155,A6) -> 11 | C6: =SUMIFS(Dataset!$F$2:$F$155,Dataset!$A$2:$A$155,A6) -> 207 | D6: 207 | E6: =C6-D6 -> 0
A7: Sumatera Selatan | B7: =COUNTIF(Dataset!$A$2:$A$155,A7) -> 17 | C7: =SUMIFS(Dataset!$F$2:$F$155,Dataset!$A$2:$A$155,A7) -> 348 | D7: 348 | E7: =C7-D7 -> 0
A8: Bengkulu | B8: =COUNTIF(Dataset!$A$2:$A$155,A8) -> 10 | C8: =SUMIFS(Dataset!$F$2:$F$155,Dataset!$A$2:$A$155,A8) -> 179 | D8: 179 | E8: =C8-D8 -> 0
A9: Lampung | B9: =COUNTIF(Dataset!$A$2:$A$155,A9) -> 15 | C9: =SUMIFS(Dataset!$F$2:$F$155,Dataset!$A$2:$A$155,A9) -> 318 | D9: 318 | E9: =C9-D9 -> 0
A10: Kepulauan Bangka Belitung | B10: =COUNTIF(Dataset!$A$2:$A$155,A10) -> 7 | C10: =SUMIFS(Dataset!$F$2:$F$155,Dataset!$A$2:$A$155,A10) -> 64 | D10: 64 | E10: =C10-D10 -> 0
A11: Kepulauan Riau | B11: =COUNTIF(Dataset!$A$2:$A$155,A11) -> 7 | C11: =SUMIFS(Dataset!$F$2:$F$155,Dataset!$A$2:$A$155,A11) -> 93 | D11: 93 | E11: =C11-D11 -> 0
A12: TOTAL Sumatera | B12: =SUM(B2:B11) -> 154 | C12: =SUM(C2:C11) -> 2704 | D12: =SUM(D2:D11) -> 2704 | E12: =SUM(E2:E11) -> 0
A14: Total Resmi (kolom D) diketik dari tabel 'Jumlah Puskesmas Menurut Provinsi' pada lampiran KMK; Selisih harus 0.

Sheet Dokumentasi
A1: Item | B1: Keterangan
A2: Judul proyek | B2: Analisis Kesenjangan Ketersediaan Fasilitas Kesehatan Antarwilayah
A3: Batas wilayah | B3: Seluruh kabupaten/kota di Pulau Sumatera (10 provinsi, 154 kabupaten/kota), termasuk 7 kabupaten/kota Kepulauan Riau sebagai studi kasus
A4: Alasan batas wilayah | B4: Kepri hanya punya 7 kabupaten/kota, terlalu sedikit untuk K-Means dan regresi; Sumatera memberi 154 baris dan tetap mencakup Kepri
A5: Nama dataset | B5: Data Puskesmas Teregistrasi Semester II Tahun 2022 (Lampiran I: Jumlah Puskesmas menurut Kabupaten/Kota)
A6: Instansi | B6: Kementerian Kesehatan Republik Indonesia
A7: Dasar hukum / dokumen | B7: Keputusan Menteri Kesehatan RI Nomor HK.01.07/MENKES/1351/2023, ditetapkan 16 Mei 2023
A8: Tahun data | B8: Semester II 2022 (kondisi akhir Desember 2022)
A9: Tautan sumber | B9: https://regulasi.bkpk.kemkes.go.id/detail/54a339b7-bd1f-47d6-8cd0-1c46fa577ff6/unduh
A10: Format asli | B10: PDF (tabel), diketik ulang ke spreadsheet
A11: Variabel | B11: Kode kab/kota, nama kab/kota, puskesmas non rawat inap, puskesmas rawat inap, jumlah puskesmas
A12: Jumlah baris | B12: 154 kabupaten/kota
... A16: Kunci penggabungan | B16: Kolom Kode Kab/Kota (kode BPS/Kemendagri 4 digit)
